full_name,element_type,total_points,minutes_points,bonus,goals_scored_points,assists_points,penalty_misses_points,own_goals_points,goals_conceded_points,saves_points,penalty_saves_points,clean_sheet_points,yellow_cards_points,red_cards_points
Folarin Balogun,FWD,0,0,0,0,0,0,0,0,0,0,0,0,0
Cédric Alves Soares,DEF,3,3,0,0,0,0,0,0,0,0,0,0,0
Mohamed Elneny,MID,6,3,0,0,3,0,0,0,0,0,0,0,0
Fábio Ferreira Vieira,MID,24,12,0,5,9,0,0,0,0,0,1,0,-3
Gabriel dos Santos Magalhães,DEF,149,69,8,18,3,0,-2,-7,0,0,64,-4,0
Kai Havertz,MID,180,65,15,65,30,0,0,0,0,0,16,-11,0
Gabriel Fernando de Jesus,FWD,85,44,10,16,21,0,0,0,0,0,0,-6,0
Jorge Luiz Frello Filho,MID,44,34,1,0,6,0,0,0,0,0,4,-1,0
Jakub Kiwior,DEF,67,30,1,6,9,0,0,-2,0,0,24,-1,0
Marcus Oliveira Alencar,MID,0,0,0,0,0,0,0,0,0,0,0,0,0
Gabriel Martinelli Silva,MID,118,58,6,30,15,0,0,0,0,0,10,-1,0
Eddie Nketiah,FWD,71,37,5,20,12,0,0,0,0,0,0,-3,0
Martin Ødegaard,MID,186,70,26,40,33,0,0,0,0,0,19,-2,0
Thomas Partey,MID,24,22,0,0,0,0,0,0,0,0,5,-3,0
Nicolas Pépé,MID,0,0,0,0,0,0,0,0,0,0,0,0,0
Aaron Ramsdale,GK,20,12,0,0,0,0,0,-1,1,0,8,0,0
Rúnar Alex Rúnarsson,GK,0,0,0,0,0,0,0,0,0,0,0,0,0
Bukayo Saka,MID,226,69,29,80,36,0,0,0,0,0,16,-4,0
William Saliba,DEF,164,76,13,12,3,0,0,-8,0,0,72,-4,0
Emile Smith Rowe,MID,25,16,0,0,6,0,0,0,0,0,3,0,0
Kieran Tierney,DEF,0,0,0,0,0,0,0,0,0,0,0,0,0
Takehiro Tomiyasu,DEF,70,32,4,12,3,0,0,-2,0,0,24,0,-3
Leandro Trossard,MID,138,51,11,60,6,0,0,0,0,0,12,-2,0
Benjamin White,DEF,182,72,14,24,15,0,0,-7,0,0,72,-8,0
Granit Xhaka,MID,0,0,0,0,0,0,0,0,0,0,0,0,0
Oleksandr Zinchenko,DEF,104,45,16,6,6,0,0,-3,0,0,36,-2,0
David Raya Martin,GK,135,64,6,0,0,0,0,-7,5,5,64,-2,0
Declan Rice,MID,165,74,17,35,27,0,0,0,0,0,17,-5,0
Reiss Nelson,MID,16,16,0,0,0,0,0,0,0,0,1,-1,0
Jurriën Timber,DEF,0,2,0,0,0,0,0,0,0,0,0,-2,0
Karl Hein,GK,0,0,0,0,0,0,0,0,0,0,0,0,0
Charles Sagoe,MID,0,0,0,0,0,0,0,0,0,0,0,0,0
Reuell Walters,DEF,0,0,0,0,0,0,0,0,0,0,0,0,0
Bradley Ibrahim,MID,0,0,0,0,0,0,0,0,0,0,0,0,0
Myles Lewis-Skelly,MID,0,0,0,0,0,0,0,0,0,0,0,0,0
Ethan Nwaneri,MID,1,1,0,0,0,0,0,0,0,0,0,0,0
Mauro Bandeira,MID,0,0,0,0,0,0,0,0,0,0,0,0,0
James Sweet,DEF,0,0,0,0,0,0,0,0,0,0,0,0,0
Alexandre Moreno Lopera,DEF,49,31,5,12,0,0,-2,-7,0,0,12,-2,0
Leon Bailey,MID,148,54,11,50,33,0,0,0,0,0,5,-5,0
Emiliano Buendía Stati,MID,0,0,0,0,0,0,0,0,0,0,0,0,0
Matty Cash,DEF,64,51,4,12,6,0,-2,-11,0,0,12,-8,0
Calum Chambers,DEF,6,6,0,0,3,0,0,-2,0,0,0,-1,0
Philippe Coutinho Correia,MID,2,2,0,0,0,0,0,0,0,0,0,0,0
Keinan Davis,FWD,0,0,0,0,0,0,0,0,0,0,0,0,0
Leander Dendoncker,MID,20,9,3,5,3,0,0,0,0,0,0,0,0
Diego Carlos Santos Silva,DEF,55,46,1,0,0,0,0,-12,0,0,24,-4,0
Lucas Digne,DEF,85,58,5,6,12,0,0,-13,0,0,24,-7,0
Douglas Luiz Soares de Paulo,MID,148,69,25,45,15,0,0,0,0,0,6,-12,0
Jhon Durán,FWD,50,25,7,20,3,0,0,0,0,0,0,-5,0
Kortney Hause,DEF,0,0,0,0,0,0,0,0,0,0,0,0,0
Tim Iroegbunam,MID,10,10,0,0,0,0,0,0,0,0,0,0,0
Boubacar Kamara,MID,40,39,1,0,3,0,0,0,0,0,7,-7,-3
Ezri Konsa Ngoyo,DEF,91,69,7,6,3,0,0,-17,0,0,28,-5,0
Emiliano Martínez Romero,GK,115,67,19,0,0,0,-4,-15,20,0,32,-4,0
John McGinn,MID,119,70,9,30,15,0,0,0,0,0,7,-9,-3
Tyrone Mings,DEF,0,1,0,0,0,0,0,-1,0,0,0,0,0
Robin Olsen,GK,17,9,3,0,0,0,0,-5,5,5,0,0,0
Jaden Philogene-Bidace,MID,1,1,0,0,0,0,0,0,0,0,0,0,0
Jacob Ramsey,MID,29,23,0,5,3,0,0,0,0,0,0,-2,0
Morgan Sanson,MID,0,0,0,0,0,0,0,0,0,0,0,0,0
Viljami Sinisalo,GK,0,0,0,0,0,0,0,0,0,0,0,0,0
Youri Tielemans,MID,77,46,2,10,18,0,0,0,0,0,4,-3,0
Bertrand Traoré,MID,2,2,0,0,0,0,0,0,0,0,0,0,0
Ollie Watkins,FWD,228,73,29,76,54,0,0,0,0,0,0,-4,0
Wesley Moraes Ferreira da Silva,FWD,0,0,0,0,0,0,0,0,0,0,0,0,0
Pau Torres,DEF,85,55,4,12,0,0,0,-9,0,0,24,-1,0
Moussa Diaby,MID,142,62,10,30,33,0,0,0,0,0,8,-1,0
Omari Kellyman,MID,2,2,0,0,0,0,0,0,0,0,0,0,0
Filip Marschall,GK,0,0,0,0,0,0,0,0,0,0,0,0,0
Nicolò Zaniolo,MID,34,29,0,10,0,0,0,0,0,0,2,-7,0
Oliwier Zych,GK,0,0,0,0,0,0,0,0,0,0,0,0,0
Clément Lenglet,DEF,24,26,0,0,3,0,0,-10,0,0,8,-3,0
Sam Proctor,GK,0,0,0,0,0,0,0,0,0,0,0,0,0
Tommi O'Reilly,MID,0,0,0,0,0,0,0,0,0,0,0,0,0
James Wright,GK,0,0,0,0,0,0,0,0,0,0,0,0,0
Kaine Kesler-Hayden,DEF,3,3,0,0,0,0,0,0,0,0,0,0,0
Morgan Rogers,MID,35,18,0,15,3,0,0,0,0,0,2,-3,0
Joe Gauci,GK,0,0,0,0,0,0,0,0,0,0,0,0,0
Finley Munroe,DEF,1,1,0,0,0,0,0,0,0,0,0,0,0
Kadan Young,MID,0,0,0,0,0,0,0,0,0,0,0,0,0
Lander Emery,GK,0,0,0,0,0,0,0,0,0,0,0,0,0
Jaidon Anthony,MID,3,4,0,0,0,0,0,0,0,0,0,-1,0
Philip Billing,MID,60,42,3,10,9,0,0,0,0,0,2,-3,-3
David Brooks,MID,23,14,2,5,3,0,0,0,0,0,0,-1,0
Ryan Christie,MID,90,68,5,0,15,0,0,0,0,0,8,-6,0
Lewis Cook,MID,77,63,5,0,9,0,0,0,0,0,8,-5,-3
Siriki Dembélé,MID,0,0,0,0,0,0,0,0,0,0,0,0,0
Ryan Fredericks,DEF,0,0,0,0,0,0,0,0,0,0,0,0,0
James Hill,DEF,5,5,0,0,0,0,0,0,0,0,0,0,0
Lloyd Kelly,DEF,48,38,5,0,3,0,0,-12,0,0,16,-2,0
Gavin Kilkenny,MID,0,0,0,0,0,0,0,0,0,0,0,0,0
Justin Kluivert,MID,100,54,2,35,3,0,0,0,0,0,11,-5,0
Jamal Lowe,MID,0,0,0,0,0,0,0,0,0,0,0,0,0
Emiliano Marcondes,MID,0,0,0,0,0,0,0,0,0,0,0,0,0
Chris Mepham,DEF,16,16,0,0,3,0,0,-5,0,0,4,-2,0
Kieffer Moore,FWD,14,8,2,4,0,0,0,0,0,0,0,0,0
Norberto Murara Neto,GK,110,64,14,0,0,0,0,-21,25,5,28,-5,0
Dango Ouattara,MID,56,40,3,5,6,0,0,0,0,0,5,-3,0
Ben Pearson,MID,0,0,0,0,0,0,0,0,0,0,0,0,0
Darren Randolph,GK,0,0,0,0,0,0,0,0,0,0,0,0,0
Joe Rothwell,MID,13,13,0,0,0,0,0,0,0,0,0,0,0
Antoine Semenyo,FWD,107,55,14,32,12,0,0,0,0,0,0,-6,0
Marcos Senesi,DEF,102,55,13,24,15,0,0,-16,0,0,24,-13,0
Adam Smith,DEF,80,52,4,0,9,0,0,-11,0,0,32,-6,0
Dominic Solanke,FWD,175,75,20,76,9,-2,0,0,0,0,0,-3,0
Marcus Tavernier,MID,89,52,5,15,12,0,0,0,0,0,8,-3,0
Hamed Traorè,MID,3,3,0,0,0,0,0,0,0,0,0,0,0
Mark Travers,GK,19,8,2,0,0,0,0,-2,3,0,8,0,0
Illia Zabarnyi,DEF,84,74,3,6,0,0,0,-26,0,0,32,-5,0
Milos Kerkez,DEF,59,49,1,0,6,0,-2,-12,0,0,24,-4,-3
Ionuț Radu,GK,2,4,0,0,0,0,0,-3,1,0,0,0,0
Ben Greenwood,DEF,0,0,0,0,0,0,0,0,0,0,0,0,0
Max Aarons,DEF,28,33,0,0,3,0,0,-15,0,0,8,-1,0
Alex Scott,MID,41,30,3,5,3,0,0,0,0,0,3,-3,0
Tyler Adams,MID,5,4,1,0,0,0,0,0,0,0,0,0,0
Luis Sinisterra,MID,43,24,2,10,6,0,0,0,0,0,1,0,0
Romain Faivre,MID,4,5,0,0,0,0,0,0,0,0,0,-1,0
Max Kinsey,DEF,0,0,0,0,0,0,0,0,0,0,0,0,0
Enes Ünal,FWD,40,18,3,8,12,0,0,0,0,0,0,-1,0
Dominic Sadi,MID,1,1,0,0,0,0,0,0,0,0,0,0,0
Michael Dacosta Gonzalez,MID,0,0,0,0,0,0,0,0,0,0,0,0,0
Callan McKenna,GK,0,0,0,0,0,0,0,0,0,0,0,0,0
Kristoffer Ajer,DEF,68,48,3,12,3,0,0,-13,0,0,20,-5,0
Ellery Balcombe,GK,0,0,0,0,0,0,0,0,0,0,0,0,0
Shandon Baptiste,MID,19,12,0,5,3,0,0,0,0,0,0,-1,0
Mads Bech Sørensen,DEF,0,0,0,0,0,0,0,0,0,0,0,0,0
Mads Bidstrup,MID,0,0,0,0,0,0,0,0,0,0,0,0,0
Sergi Canós Tenés,MID,0,0,0,0,0,0,0,0,0,0,0,0,0
Nathan Collins,DEF,84,61,8,6,3,0,0,-19,0,0,28,-3,0
Matthew Cox,GK,0,0,0,0,0,0,0,0,0,0,0,0,0
Mikkel Damsgaard,MID,45,30,0,0,12,0,0,0,0,0,5,-2,0
Josh Dasilva,MID,3,3,0,0,0,0,0,0,0,0,0,0,0
Halil Dervişoğlu,FWD,0,0,0,0,0,0,0,0,0,0,0,0,0
Mark Flekken,GK,119,73,12,0,3,0,0,-23,29,0,28,-3,0
Charlie Goode,DEF,0,0,0,0,0,0,0,0,0,0,0,0,0
Rico Henry,DEF,13,9,0,0,3,0,0,-2,0,0,4,-1,0
Aaron Hickey,DEF,17,18,0,0,0,0,0,-4,0,0,8,-5,0
Vitaly Janelt,MID,93,74,1,5,12,0,0,0,0,0,9,-8,0
Mathias Jensen,MID,98,57,10,15,12,0,0,0,0,0,9,-5,0
Keane Lewis-Potter,MID,73,45,1,15,6,0,0,0,0,0,6,0,0
Bryan Mbeumo,MID,127,46,12,45,21,0,0,0,0,0,5,-2,0
Ben Mee,DEF,39,31,3,12,3,0,0,-10,0,0,4,-1,-3
Christian Nørgaard,MID,74,60,3,10,3,0,0,0,0,0,6,-8,0
Frank Onyeka,MID,39,35,0,5,6,0,0,0,0,0,1,-8,0
Ethan Pinnock,DEF,77,57,5,12,0,0,0,-16,0,0,20,-1,0
Mads Roerslev Rasmussen,DEF,75,55,3,6,6,0,0,-14,0,0,20,-1,0
Kevin Schade,MID,33,14,2,10,6,0,0,0,0,0,1,0,0
Thomas Strakosha,GK,4,3,0,0,0,0,0,-1,2,0,0,0,0
Ivan Toney,FWD,57,33,4,16,9,0,0,0,0,0,0,-5,0
Ryan Trevitt,MID,0,0,0,0,0,0,0,0,0,0,0,0,0
Yoane Wissa,FWD,131,63,15,48,12,0,0,0,0,0,0,-7,0
Yegor Yarmoliuk,MID,33,31,0,0,0,0,0,0,0,0,4,-2,0
Mathias Jorgensen,DEF,29,26,3,6,0,0,0,-10,0,0,8,-4,0
Neal Maupay,FWD,76,45,6,24,9,0,0,0,0,0,0,-8,0
Sergio Reguilón,DEF,74,42,14,0,18,0,0,-10,0,0,20,-7,-3
Michael Olakigbe,MID,8,8,0,0,0,0,0,0,0,0,0,0,0
Ethan Brierley,MID,0,0,0,0,0,0,0,0,0,0,0,0,0
Saman Ghoddos,MID,26,26,0,5,0,0,0,0,0,0,0,-5,0
Ji-Soo Kim,DEF,0,0,0,0,0,0,0,0,0,0,0,0,0
Valintino Adedokun,DEF,0,0,0,0,0,0,0,0,0,0,0,0,0
Myles Peart-Harris,MID,3,3,0,0,0,0,0,0,0,0,0,0,0
Vincent Angelini,GK,0,0,0,0,0,0,0,0,0,0,0,0,0
Hákon Valdimarsson,GK,0,0,0,0,0,0,0,0,0,0,0,0,0
Benjamin Fredrick,DEF,0,0,0,0,0,0,0,0,0,0,0,0,0
Benjamin Arthur,DEF,0,0,0,0,0,0,0,0,0,0,0,0,0
Yunus Konak,MID,0,0,0,0,0,0,0,0,0,0,0,0,0
Simon Adingra,MID,97,55,8,30,3,0,0,0,0,0,4,-3,0
Steven Alzate,MID,0,0,0,0,0,0,0,0,0,0,0,0,0
Yasin Ayari,MID,0,0,0,0,0,0,0,0,0,0,0,0,0
Facundo Buonanotte,MID,57,39,1,15,3,0,0,0,0,0,6,-7,0
Aaron Connolly,FWD,0,0,0,0,0,0,0,0,0,0,0,0,0
Mahmoud Dahoud,MID,14,14,0,0,3,0,0,0,0,0,1,-1,-3
Lewis Dunk,DEF,89,64,11,18,3,0,0,-18,0,0,20,-6,-3
Julio Enciso,MID,20,16,0,0,6,0,0,0,0,0,0,-2,0
Pervis Estupiñán,DEF,57,31,7,12,9,0,-2,-8,0,0,12,-4,0
Evan Ferguson,FWD,69,38,5,24,3,0,0,0,0,0,0,-1,0
Billy Gilmour,MID,61,53,4,0,9,0,0,0,0,0,6,-8,-3
Pascal Groß,MID,153,70,29,20,33,0,0,0,0,0,7,-6,0
João Pedro Junqueira de Jesus,FWD,104,51,12,36,9,-2,0,0,0,0,0,-2,0
Michał Karbownik,DEF,0,0,0,0,0,0,0,0,0,0,0,0,0
Kacper Kozłowski,MID,0,0,0,0,0,0,0,0,0,0,0,0,0
Adam Lallana,MID,30,27,0,0,3,0,0,0,0,0,2,-2,0
Tariq Lamptey,DEF,31,26,0,0,9,0,0,-5,0,0,4,-3,0
Solly March,MID,39,14,6,15,3,0,0,0,0,0,2,-1,0
Tom McGill,GK,0,0,0,0,0,0,0,0,0,0,0,0,0
James Milner,MID,28,21,0,0,6,0,0,0,0,0,4,-3,0
Kaoru Mitoma,MID,74,34,7,15,21,0,0,0,0,0,1,-4,0
Jakub Moder,MID,21,22,0,0,0,0,0,0,0,0,1,-2,0
Jeremy Sarmiento Morante,MID,0,0,0,0,0,0,0,0,0,0,0,0,0
Kjell Scherpen,GK,0,0,0,0,0,0,0,0,0,0,0,0,0
Jason Steele,GK,42,34,5,0,0,0,0,-13,8,0,8,0,0
Deniz Undav,FWD,0,0,0,0,0,0,0,0,0,0,0,0,0
Jan Paul van Hecke,DEF,61,54,3,0,0,0,0,-12,0,0,20,-4,0
Joël Veltman,DEF,49,41,0,6,3,0,0,-9,0,0,12,-4,0
Bart Verbruggen,GK,68,42,7,0,0,0,0,-8,14,0,16,-3,0
Adam Webster,DEF,26,27,2,0,0,0,-2,-7,0,0,8,-2,0
Danny Welbeck,FWD,79,46,5,20,12,0,0,0,0,0,0,-4,0
Andi Zeqiri,FWD,0,0,0,0,0,0,0,0,0,0,0,0,0
Igor Julio dos Santos de Paulo,DEF,37,40,1,0,0,0,0,-8,0,0,8,-4,0
Jack Hinshelwood,MID,42,21,5,15,0,0,0,0,0,0,2,-1,0
Carlos Baleba,MID,34,39,0,0,0,0,0,0,0,0,2,-7,0
Anssumane Fati Vieira,MID,33,20,1,10,3,0,0,0,0,0,1,-2,0
Mark O’Mahony,FWD,2,3,0,0,0,0,0,0,0,0,0,-1,0
Benicio Baker-Boaitey,MID,4,5,0,0,0,0,0,0,0,0,0,-1,0
Ben Jackson,DEF,0,0,0,0,0,0,0,0,0,0,0,0,0
Joshua Duffus,MID,0,0,0,0,0,0,0,0,0,0,0,0,0
Leigh Kavanagh,DEF,0,0,0,0,0,0,0,0,0,0,0,0,0
Luca Barrington,MID,0,0,0,0,0,0,0,0,0,0,0,0,0
Cameron Peupion,MID,0,0,0,0,0,0,0,0,0,0,0,0,0
Valentín Barco,DEF,5,9,0,0,0,0,0,-3,0,0,0,-1,0
Samy Chouchane,MID,0,0,0,0,0,0,0,0,0,0,0,0,0
Odeluga Offiah,DEF,4,5,0,0,0,0,0,-1,0,0,0,0,0
Noël Atom,DEF,0,0,0,0,0,0,0,0,0,0,0,0,0
Enock Agyei,MID,0,0,0,0,0,0,0,0,0,0,0,0,0
Ameen Al-Dakhil,DEF,19,24,0,6,0,0,-2,-8,0,0,0,-1,0
Samuel Bastien,MID,0,0,0,0,0,0,0,0,0,0,0,0,0
Manuel Benson Hedilazio,MID,8,8,0,0,0,0,0,0,0,0,0,0,0
Jordan Beyer,DEF,30,29,4,0,3,0,0,-8,0,0,8,-6,0
Josh Brownhill,MID,78,55,2,20,6,0,0,0,0,0,2,-4,-3
Darko Churlinov,MID,0,0,0,0,0,0,0,0,0,0,0,0,0
Jack Cork,MID,4,4,0,0,0,0,0,0,0,0,0,0,0
Dara Costelloe,MID,0,0,0,0,0,0,0,0,0,0,0,0,0
Josh Cullen,MID,65,47,5,10,12,0,0,0,0,0,0,-9,0
CJ Egan-Riley,DEF,0,0,0,0,0,0,0,0,0,0,0,0,0
Hjalmar Ekdal,DEF,15,12,3,0,0,0,0,-2,0,0,4,-2,0
Lyle Foster,FWD,75,45,4,20,9,0,0,0,0,0,0,0,-3
Denis Franchi,GK,0,0,0,0,0,0,0,0,0,0,0,0,0
Jóhann Berg Gudmundsson,MID,48,34,0,5,9,0,0,0,0,0,2,-2,0
Luke McNally,DEF,0,0,0,0,0,0,0,0,0,0,0,0,0
Arijanet Muric,GK,47,20,12,0,0,0,-2,-5,17,5,0,0,0
Dara O'Shea,DEF,69,65,2,18,12,0,-2,-26,0,0,8,-5,-3
Michael Obafemi,FWD,2,2,0,0,0,0,0,0,0,0,0,0,0
Bailey Peacock-Farrell,GK,0,0,0,0,0,0,0,0,0,0,0,0,0
Connor Roberts,DEF,12,22,0,0,3,0,0,-7,0,0,0,-3,-3
Jay Rodriguez,FWD,41,27,3,8,3,0,0,0,0,0,0,0,0
Charlie Taylor,DEF,47,53,1,6,3,0,0,-16,0,0,8,-8,0
Bobby Thomas,DEF,0,0,0,0,0,0,0,0,0,0,0,0,0
Scott Twine,MID,0,0,0,0,0,0,0,0,0,0,0,0,0
Lawrence Vigouroux,GK,0,0,0,0,0,0,0,0,0,0,0,0,0
Victor da Silva,DEF,60,57,2,0,9,0,0,-15,0,0,8,-1,0
Wout Weghorst,FWD,0,0,0,0,0,0,0,0,0,0,0,0,0
Anass Zaroury,MID,4,7,0,0,0,0,0,0,0,0,0,0,-3
David Datro Fofana,FWD,50,24,8,16,3,0,0,0,0,0,0,-1,0
Sander Berge,MID,74,69,3,5,6,0,0,0,0,0,2,-8,-3
Zeki Amdouni,FWD,85,53,11,20,3,0,0,0,0,0,0,-2,0
James Trafford,GK,70,56,5,0,0,0,0,-23,26,0,8,-2,0
Nathan Redmond,MID,11,12,0,0,0,0,0,0,0,0,0,-1,0
Luca Koleosho,MID,40,26,0,5,6,0,0,0,0,0,3,0,0
Jacob Bruun Larsen,MID,82,43,7,30,0,0,0,0,0,0,3,-1,0
Owen Dodgson,DEF,0,0,0,0,0,0,0,0,0,0,0,0,0
Wilson Odobert,MID,82,53,3,15,12,0,0,0,0,0,2,-3,0
Hannes Delcroix,DEF,7,18,0,0,0,0,0,-9,0,0,0,-2,0
Aaron Ramsey,MID,18,19,0,0,0,0,0,0,0,0,0,-1,0
Han-Noah Massengo,MID,3,3,0,0,0,0,0,0,0,0,0,0,0
Mike Trésor,MID,20,20,0,0,0,0,0,0,0,0,0,0,0
Lorenz Assignon,DEF,25,28,3,6,6,0,0,-12,0,0,0,-3,-3
Maxime Esteve,DEF,15,30,0,0,0,0,0,-9,0,0,0,-6,0
Moisés Caicedo Corozo,MID,84,68,6,5,9,0,0,0,0,0,7,-11,0
Robert Sánchez,GK,59,32,7,0,0,0,0,-9,14,5,12,-2,0
Ethan Ampadu,DEF,0,0,0,0,0,0,0,0,0,0,0,0,0
Andrey Nascimento dos Santos,MID,1,1,0,0,0,0,0,0,0,0,0,0,0
Kepa Arrizabalaga,GK,0,0,0,0,0,0,0,0,0,0,0,0,0
Pierre-Emerick Aubameyang,FWD,0,0,0,0,0,0,0,0,0,0,0,0,0
César Azpilicueta,DEF,0,0,0,0,0,0,0,0,0,0,0,0,0
Abdul Rahman Baba,DEF,0,0,0,0,0,0,0,0,0,0,0,0,0
Benoît Badiashile,DEF,35,32,4,0,3,0,-2,-11,0,0,12,-3,0
Marcus Bettinelli,GK,-1,0,0,0,0,0,0,0,0,0,0,-1,0
Trevoh Chalobah,DEF,39,23,4,6,0,0,0,-5,0,0,12,-1,0
Ben Chilwell,DEF,24,21,2,0,6,0,0,-4,0,0,4,-5,0
Carney Chukwuemeka,MID,16,10,0,5,3,0,0,0,0,0,0,-2,0
Levi Colwill,DEF,65,42,4,6,3,0,0,-8,0,0,20,-2,0
Marc Cucurella Saseta,DEF,44,40,3,0,9,0,-2,-12,0,0,16,-10,0
Enzo Fernández,MID,77,53,4,15,9,-2,0,0,0,0,5,-7,0
Wesley Fofana,DEF,0,0,0,0,0,0,0,0,0,0,0,0,0
Conor Gallagher,MID,129,72,10,25,24,0,0,0,0,0,8,-7,-3
Malo Gusto,DEF,74,45,10,0,18,0,0,-9,0,0,20,-7,-3
Reece James,DEF,11,14,0,0,6,0,0,-3,0,0,0,0,-6
Romelu Lukaku Bolingoli,FWD,0,0,0,0,0,0,0,0,0,0,0,0,0
Noni Madueke,MID,76,33,7,25,9,0,0,0,0,0,4,-2,0
Mykhailo Mudryk,MID,94,47,5,25,15,0,0,0,0,0,7,-5,0
Nicolas Jackson,FWD,142,66,12,56,18,0,0,0,0,0,0,-10,0
Christopher Nkunku,FWD,29,13,4,12,0,0,0,0,0,0,0,0,0
Christian Pulisic,MID,0,0,0,0,0,0,0,0,0,0,0,0,0
Malang Sarr,DEF,0,0,0,0,0,0,0,0,0,0,0,0,0
Gabriel Słonina,GK,0,0,0,0,0,0,0,0,0,0,0,0,0
Raheem Sterling,MID,123,53,8,40,24,0,0,0,0,0,5,-7,0
Thiago Emiliano da Silva,DEF,98,59,12,18,3,0,0,-18,0,0,28,-4,0
Hakim Ziyech,MID,0,0,0,0,0,0,0,0,0,0,0,0,0
Cole Palmer,MID,244,63,32,110,39,0,0,0,0,0,7,-7,0
Ângelo Gabriel Borges Damaceno,MID,0,0,0,0,0,0,0,0,0,0,0,0,0
Ian Maatsen,MID,11,12,0,0,0,0,0,0,0,0,0,-1,0
Axel Disasi,DEF,71,60,6,12,0,0,-2,-19,0,0,20,-6,0
Lesley Ugochukwu,MID,13,14,0,0,0,0,0,0,0,0,1,-2,0
Mason Burstow,FWD,2,2,0,0,0,0,0,0,0,0,0,0,0
Lucas Bergström,GK,0,0,0,0,0,0,0,0,0,0,0,0,0
Roméo Lavia,MID,1,1,0,0,0,0,0,0,0,0,0,0,0
Bashir Humphreys,DEF,0,0,0,0,0,0,0,0,0,0,0,0,0
Deivid Washington de Souza Eugênio,FWD,2,2,0,0,0,0,0,0,0,0,0,0,0
Eddie Beach,GK,0,0,0,0,0,0,0,0,0,0,0,0,0
Diego Manuel Jadon da Silva Moreira,MID,0,0,0,0,0,0,0,0,0,0,0,0,0
Đorđe Petrović,GK,71,45,5,0,0,0,0,-15,18,0,20,-2,0
Alfie Gilchrist,DEF,20,13,0,6,0,0,0,-2,0,0,4,-1,0
Ronnie Stutter,FWD,0,0,0,0,0,0,0,0,0,0,0,0,0
Alex Matos,MID,1,1,0,0,0,0,0,0,0,0,0,0,0
Josh Brooking,DEF,0,0,0,0,0,0,0,0,0,0,0,0,0
Leo Castledine,MID,0,0,0,0,0,0,0,0,0,0,0,0,0
Cesare Casadei,MID,11,11,0,0,0,0,0,0,0,0,0,0,0
Ishé Samuels-Smith,DEF,0,0,0,0,0,0,0,0,0,0,0,0,0
Ollie Harrison,MID,0,0,0,0,0,0,0,0,0,0,0,0,0
Jimi Tauriainen,MID,1,1,0,0,0,0,0,0,0,0,0,0,0
Josh Acheampong,DEF,1,1,0,0,0,0,0,0,0,0,0,0,0
Teddy Sharman-Lowe,GK,0,0,0,0,0,0,0,0,0,0,0,0,0
Tyrique George,FWD,0,0,0,0,0,0,0,0,0,0,0,0,0
Kiano Dyer,MID,0,0,0,0,0,0,0,0,0,0,0,0,0
Ted Curd,GK,0,0,0,0,0,0,0,0,0,0,0,0,0
Zak Sturge,DEF,0,0,0,0,0,0,0,0,0,0,0,0,0
Rob Holding,DEF,0,0,0,0,0,0,0,0,0,0,0,0,0
Naouirou Ahamada,MID,16,21,0,0,0,0,0,0,0,0,0,-2,-3
Joachim Andersen,DEF,121,76,12,12,9,0,0,-21,0,0,40,-7,0
Jordan Ayew,MID,109,64,3,20,21,0,0,0,0,0,11,-7,-3
Nathaniel Clyne,DEF,52,34,0,0,3,0,0,-5,0,0,20,0,0
Cheick Doucouré,MID,21,20,0,0,0,0,0,0,0,0,3,-2,0
Malcolm Ebiowei,MID,0,0,0,0,0,0,0,0,0,0,0,0,0
Odsonne Edouard,FWD,79,46,9,28,0,0,0,0,0,0,0,-4,0
Eberechi Eze,MID,136,50,11,55,15,0,0,0,0,0,8,-3,0
Vicente Guaita,GK,0,0,0,0,0,0,0,0,0,0,0,0,0
Marc Guéhi,DEF,66,47,6,0,3,0,0,-12,0,0,24,-2,0
Will Hughes,MID,61,51,2,0,6,0,0,0,0,0,8,-6,0
Sam Johnstone,GK,68,40,7,0,0,0,0,-9,7,0,24,-1,0
Jefferson Lerma Solís,MID,64,55,4,5,3,0,0,0,0,0,5,-8,0
Jean-Philippe Mateta,FWD,165,61,22,64,21,0,0,0,0,0,0,-3,0
Remi Matthews,GK,1,1,0,0,0,0,0,0,0,0,0,0,0
Tyrick Mitchell,DEF,119,73,10,12,9,0,0,-19,0,0,40,-6,0
Jake O'Brien,DEF,0,0,0,0,0,0,0,0,0,0,0,0,0
Michael Olise,MID,125,33,21,50,18,0,0,0,0,0,3,0,0
Luke Plange,FWD,0,0,0,0,0,0,0,0,0,0,0,0,0
Chris Richards,DEF,62,49,4,6,3,0,0,-13,0,0,16,-3,0
Jairo Riedewald,MID,12,11,0,0,0,0,0,0,0,0,1,0,0
Jeffrey Schlupp,MID,66,43,4,10,6,0,0,0,0,0,4,-1,0
James Tomkins,DEF,3,4,0,0,0,0,0,-1,0,0,0,0,0
Joel Ward,DEF,54,48,0,0,3,0,-2,-11,0,0,20,-4,0
Joe Whitworth,GK,0,0,0,0,0,0,0,0,0,0,0,0,0
Dean Henderson,GK,48,36,2,0,0,0,-4,-11,11,0,16,-2,0
Matheus França de Oliveira,MID,16,11,0,0,6,0,0,0,0,0,0,-1,0
Jesurun Rak-Sakyi,MID,8,7,0,0,0,0,0,0,0,0,1,0,0
John-Kymani Gordon,FWD,0,0,0,0,0,0,0,0,0,0,0,0,0
Ademola Ola-Adebomi,FWD,0,0,0,0,0,0,0,0,0,0,0,0,0
David Ozoh,MID,8,9,0,0,0,0,0,0,0,0,0,-1,0
Jadan Raymond,MID,0,0,0,0,0,0,0,0,0,0,0,0,0
Tayo Adaramola,DEF,0,0,0,0,0,0,0,0,0,0,0,0,0
Daniel Muñoz,DEF,56,32,3,0,12,0,0,-7,0,0,20,-4,0
Adam Wharton,MID,50,32,4,0,9,0,0,0,0,0,7,-2,0
Franco Umeh-Chibueze,FWD,0,0,0,0,0,0,0,0,0,0,0,0,0
Kaden Rodney,MID,0,0,0,0,0,0,0,0,0,0,0,0,0
Roshaun Mathurin,MID,0,0,0,0,0,0,0,0,0,0,0,0,0
André Tavares Gomes,MID,20,16,0,5,0,0,0,0,0,0,3,-4,0
Jarrad Branthwaite,DEF,124,69,10,18,3,0,0,-16,0,0,48,-8,0
Dominic Calvert-Lewin,FWD,101,57,9,28,9,0,0,0,0,0,0,-2,0
Seamus Coleman,DEF,30,18,3,0,0,0,-2,-5,0,0,16,0,0
Dele Alli,MID,0,0,0,0,0,0,0,0,0,0,0,0,0
Abdoulaye Doucouré,MID,116,60,7,35,9,0,0,0,0,0,12,-7,0
James Garner,MID,87,69,3,5,6,0,0,0,0,0,11,-7,0
Jean-Philippe Gbamin,MID,0,0,0,0,0,0,0,0,0,0,0,0,0
Ben Godfrey,DEF,37,27,0,0,0,0,0,-4,0,0,16,-2,0
Demarai Gray,MID,0,0,0,0,0,0,0,0,0,0,0,0,0
Idrissa Gueye,MID,73,44,10,20,0,0,0,0,0,0,7,-8,0
Michael Keane,DEF,18,13,2,6,0,0,0,-5,0,0,4,-2,0
Dwight McNeil,MID,124,67,8,15,24,0,0,0,0,0,12,-2,0
Vitalii Mykolenko,DEF,101,55,9,12,3,0,0,-13,0,0,36,-1,0
Amadou Onana,MID,66,51,5,10,0,0,0,0,0,0,5,-5,0
Nathan Patterson,DEF,34,29,3,0,6,0,0,-8,0,0,8,-4,0
Jordan Pickford,GK,153,76,22,0,0,0,-2,-19,29,0,52,-5,0
Ellis Simms,FWD,0,0,0,0,0,0,0,0,0,0,0,0,0
James Tarkowski,DEF,117,76,10,6,3,0,0,-19,0,0,52,-11,0
João Neves Virgínia,GK,0,0,0,0,0,0,0,0,0,0,0,0,0
Andy Lonergan,GK,0,0,0,0,0,0,0,0,0,0,0,0,0
Ashley Young,DEF,76,56,3,0,3,0,-2,-12,0,0,36,-5,-3
Arnaut Danjuma Groeneveld,MID,26,19,0,5,0,0,0,0,0,0,2,0,0
Lewis Dobbin,MID,18,13,0,5,0,0,0,0,0,0,1,-1,0
Youssef Ramalho Chermiti,FWD,16,19,0,0,0,0,0,0,0,0,0,-3,0
Thomas Cannon,FWD,1,1,0,0,0,0,0,0,0,0,0,0,0
Tyler Onyango,MID,1,1,0,0,0,0,0,0,0,0,0,0,0
Jack Harrison,MID,92,53,5,15,9,0,0,0,0,0,11,-1,0
Norberto Bercique Gomes Betuncal,FWD,50,39,3,12,0,-2,0,0,0,0,0,-2,0
Mackenzie Hunt,MID,0,0,0,0,0,0,0,0,0,0,0,0,0
Jenson Metcalfe,MID,0,0,0,0,0,0,0,0,0,0,0,0,0
Elijah Campbell,DEF,0,0,0,0,0,0,0,0,0,0,0,0,0
Lewis Warrington,MID,1,1,0,0,0,0,0,0,0,0,0,0,0
Billy Crellin,GK,0,0,0,0,0,0,0,0,0,0,0,0,0
Armando Broja,FWD,35,25,0,4,6,0,0,0,0,0,0,0,0
Alex Iwobi,MID,102,57,9,25,6,0,0,0,0,0,7,-2,0
Andreas Hoelgebaum Pereira,MID,127,70,7,15,27,0,0,0,0,0,14,-6,0
Tom Cairney,MID,70,46,2,5,18,0,-2,0,0,0,4,-3,0
Ivan Neves Abreu Cavaleiro,MID,0,0,0,0,0,0,0,0,0,0,0,0,0
Bobby De Cordova-Reid,MID,92,47,7,30,9,0,0,0,0,0,3,-4,0
Issa Diop,DEF,43,34,3,0,0,0,0,-9,0,0,20,-2,-3
Tyrese Francois,MID,0,0,0,0,0,0,0,0,0,0,0,0,0
Anthony Knockaert,MID,0,0,0,0,0,0,0,0,0,0,0,0,0
Terence Kongolo,DEF,0,0,0,0,0,0,0,0,0,0,0,0,0
Bernd Leno,GK,133,76,15,0,0,0,-2,-22,29,0,40,-3,0
Saša Lukić,MID,43,36,0,5,0,0,0,0,0,0,5,-3,0
Kevin Mbabu,DEF,0,0,0,0,0,0,0,0,0,0,0,0,0
Aleksandar Mitrović,FWD,1,1,0,0,0,0,0,0,0,0,0,0,0
Rodrigo Muniz Carvalho,FWD,97,44,12,36,6,0,0,0,0,0,0,-1,0
João Palhinha Gonçalves,MID,91,64,8,20,3,0,0,0,0,0,9,-13,0
Tim Ream,DEF,40,35,4,6,0,0,0,-12,0,0,12,-2,-3
Harrison Reed,MID,47,41,0,0,6,0,0,0,0,0,6,-6,0
Antonee Robinson,DEF,104,74,8,0,18,0,-4,-22,0,0,36,-6,0
Marek Rodák,GK,-1,0,0,0,0,0,0,0,0,0,0,-1,0
Kenny Tete,DEF,27,24,0,6,0,0,0,-9,0,0,8,-2,0
Tosin Adarabioyo,DEF,66,38,2,12,0,0,0,-8,0,0,24,-2,0
Carlos Vinícius Alves Morais,FWD,22,14,2,8,0,0,0,0,0,0,0,-2,0
Harry Wilson,MID,94,49,5,20,21,0,0,0,0,0,5,-6,0
Raúl Jiménez,FWD,72,37,13,28,0,0,0,0,0,0,0,-3,-3
Willian Borges da Silva,MID,94,51,6,20,9,0,0,0,0,0,9,-1,0
Calvin Bassey,DEF,66,54,4,6,0,0,0,-15,0,0,24,-4,-3
Luc De Fougerolles,DEF,0,0,0,0,0,0,0,0,0,0,0,0,0
Jay Stansfield,FWD,0,0,0,0,0,0,0,0,0,0,0,0,0
Matthew Dibley-Dias,MID,0,0,0,0,0,0,0,0,0,0,0,0,0
Adama Traoré,MID,36,18,1,10,9,0,0,0,0,0,0,-2,0
Luke Harris,MID,2,2,0,0,0,0,0,0,0,0,0,0,0
Timothy Castagne,DEF,105,63,7,6,9,0,0,-13,0,0,36,-3,0
Steven Benda,GK,0,0,0,0,0,0,0,0,0,0,0,0,0
Fodé Ballo-Touré,DEF,5,6,0,0,0,0,0,0,0,0,0,-1,0
Devan Tanton,DEF,0,0,0,0,0,0,0,0,0,0,0,0,0
Kristian Sekularac,MID,0,0,0,0,0,0,0,0,0,0,0,0,0
Joshua King,MID,0,0,0,0,0,0,0,0,0,0,0,0,0
Adrián San Miguel del Castillo,GK,0,0,0,0,0,0,0,0,0,0,0,0,0
Trent Alexander-Arnold,DEF,122,51,19,18,15,0,0,-7,0,0,32,-6,0
Alisson Ramses Becker,GK,107,56,9,0,0,0,0,-8,19,0,32,-1,0
Stefan Bajcetic,MID,1,1,0,0,0,0,0,0,0,0,0,0,0
Darwin Núñez Ribeiro,FWD,132,57,9,44,33,-2,0,0,0,0,0,-9,0
Diogo Teixeira da Silva,MID,110,31,7,50,21,0,0,0,0,0,5,-1,-3
Harvey Elliott,MID,96,44,8,15,27,0,0,0,0,0,4,-2,0
Fabio Henrique Tavares,MID,0,0,0,0,0,0,0,0,0,0,0,0,0
Cody Gakpo,FWD,106,48,12,32,15,0,0,0,0,0,0,-1,0
Joe Gomez,DEF,76,49,2,0,6,0,0,-4,0,0,28,-5,0
Jordan Henderson,MID,0,0,0,0,0,0,0,0,0,0,0,0,0
Curtis Jones,MID,40,34,2,5,3,0,0,0,0,0,2,-3,-3
Caoimhin Kelleher,GK,34,20,3,0,0,0,0,-2,5,0,8,0,0
Ibrahima Konaté,DEF,56,39,2,0,0,0,0,-3,0,0,24,-3,-3
Luis Díaz,MID,142,68,9,40,21,0,0,0,0,0,7,-3,0
Alexis Mac Allister,MID,109,61,12,25,15,0,0,0,0,0,6,-7,-3
Joel Matip,DEF,21,19,0,0,0,0,-2,-2,0,0,8,-2,0
Nathaniel Phillips,DEF,0,0,0,0,0,0,0,0,0,0,0,0,0
Andrew Robertson,DEF,76,40,8,18,6,0,0,-6,0,0,12,-2,0
Mohamed Salah,MID,211,59,24,90,36,-4,0,0,0,0,8,-2,0
Dominik Szoboszlai,MID,99,58,7,15,12,0,0,0,0,0,8,-1,0
Thiago Alcántara do Nascimento,MID,1,1,0,0,0,0,0,0,0,0,0,0,0
Konstantinos Tsimikas,DEF,48,20,4,0,9,0,0,-1,0,0,16,0,0
Sepp van den Berg,DEF,0,0,0,0,0,0,0,0,0,0,0,0,0
Virgil van Dijk,DEF,117,71,8,12,6,0,0,-10,0,0,36,-3,-3
Jarell Quansah,DEF,49,29,5,12,0,0,0,-4,0,0,8,-1,0
Bobby Clark,MID,5,5,0,0,0,0,0,0,0,0,0,0,0
Ben Doak,MID,1,1,0,0,0,0,0,0,0,0,0,0,0
James McConnell,MID,3,3,0,0,0,0,0,0,0,0,0,0,0
Wataru Endo,MID,47,46,0,5,0,0,0,0,0,0,6,-10,0
Ryan Gravenberch,MID,45,34,3,5,0,0,0,0,0,0,3,0,0
Luke Chambers,DEF,0,0,0,0,0,0,0,0,0,0,0,0,0
Callum Scanlon,DEF,0,0,0,0,0,0,0,0,0,0,0,0,0
Treymaurice Nyoni,MID,0,0,0,0,0,0,0,0,0,0,0,0,0
Marcelo de Araújo Pitaluga Filho,GK,0,0,0,0,0,0,0,0,0,0,0,0,0
Conor Bradley,DEF,50,20,7,6,9,0,-2,0,0,0,12,-2,0
Owen Beck,DEF,1,1,0,0,0,0,0,0,0,0,0,0,0
Kaide Gordon,MID,1,1,0,0,0,0,0,0,0,0,0,0,0
Lewis Koumas,FWD,0,0,0,0,0,0,0,0,0,0,0,0,0
Fabian Mrozek,GK,0,0,0,0,0,0,0,0,0,0,0,0,0
Jayden Danns,FWD,1,2,0,0,0,0,0,0,0,0,0,-1,0
Amara Nallo,DEF,0,0,0,0,0,0,0,0,0,0,0,0,0
Albert Sambi Lokonga,MID,47,31,4,5,9,0,0,0,0,0,2,-4,0
Marvelous Nakamba,MID,21,26,0,0,0,0,0,0,0,0,0,-5,0
Elijah Adebayo,FWD,94,43,9,40,3,0,0,0,0,0,0,-1,0
Mads Juel Andersen,DEF,15,11,1,6,0,0,0,-2,0,0,0,-1,0
Amari'i Bell,DEF,35,40,3,0,0,0,0,-16,0,0,8,0,0
Luke Berry,MID,31,19,0,10,3,0,0,0,0,0,0,-1,0
Reece Burke,DEF,40,39,2,0,12,0,0,-12,0,0,4,-5,0
Allan Campbell,MID,0,0,0,0,0,0,0,0,0,0,0,0,0
Jordan Clark,MID,44,36,3,5,3,0,0,0,0,0,1,-4,0
Alfie Doughty,DEF,101,70,11,12,30,0,0,-25,0,0,8,-5,0
Luke Freeman,MID,0,0,0,0,0,0,0,0,0,0,0,0,0
Matt Macey,GK,0,0,0,0,0,0,0,0,0,0,0,0,0
John McAtee,FWD,0,0,0,0,0,0,0,0,0,0,0,0,0
Carlos Mendes Gomes,MID,0,0,0,0,0,0,0,0,0,0,0,0,0
Carlton Morris,FWD,146,70,18,44,18,0,0,0,0,0,0,-4,0
Admiral Muskwe,FWD,0,0,0,0,0,0,0,0,0,0,0,0,0
Chiedozie Ogbene,FWD,84,50,7,16,12,0,0,0,0,0,0,-1,0
Fred Onyedinma,MID,11,12,0,0,0,0,0,0,0,0,0,-1,0
Gabriel Osho,DEF,41,41,1,12,0,0,0,-18,0,0,8,-3,0
Aribim Pepple,FWD,0,0,0,0,0,0,0,0,0,0,0,0,0
Dion Pereira,MID,0,0,0,0,0,0,0,0,0,0,0,0,0
Dan Potts,DEF,0,0,0,0,0,0,0,0,0,0,0,0,0
Glen Rea,MID,0,0,0,0,0,0,0,0,0,0,0,0,0
James Shea,GK,1,1,0,0,0,0,0,0,0,0,0,0,0
Joe Taylor,FWD,0,0,0,0,0,0,0,0,0,0,0,0,0
Elliot Thorpe,MID,0,0,0,0,0,0,0,0,0,0,0,0,0
Jack Walton,GK,0,0,0,0,0,0,0,0,0,0,0,0,0
Louie Watson,MID,0,0,0,0,0,0,0,0,0,0,0,0,0
Cauley Woodrow,FWD,33,25,3,4,3,0,0,0,0,0,0,-2,0
Teden Mengi,DEF,42,57,1,6,0,0,0,-23,0,0,4,-3,0
Ryan Giles,DEF,11,16,0,0,0,0,0,-5,0,0,0,0,0
Tom Lockyer,DEF,23,26,1,6,3,0,-2,-7,0,0,0,-4,0
Pelly Ruddock Mpanzu,MID,35,35,0,0,0,0,0,0,0,0,1,-1,0
Tahith Chong,MID,78,53,3,20,6,0,0,0,0,0,0,-4,0
Issa Kaboré,DEF,34,42,3,0,9,0,-2,-11,0,0,0,-7,0
Thomas Kaminski,GK,86,76,3,0,0,0,0,-32,34,0,8,-3,0
Ross Barkley,MID,101,61,4,25,15,0,0,0,0,0,2,-6,0
Jacob Brown,FWD,39,29,3,8,3,0,0,0,0,0,0,-4,0
Aidan Francis-Clarke,DEF,0,0,0,0,0,0,0,0,0,0,0,0,0
Tim Krul,GK,0,0,0,0,0,0,0,0,0,0,0,0,0
Joseph Johnson,DEF,0,3,0,0,0,0,0,-2,0,0,0,-1,0
Andros Townsend,MID,61,39,3,5,12,0,0,0,0,0,3,-1,0
Jayden Luker,MID,0,0,0,0,0,0,0,0,0,0,0,0,0
Zack Nelson,MID,2,2,0,0,0,0,0,0,0,0,0,0,0
Daiki Hashioka,DEF,4,16,0,0,0,0,-4,-8,0,0,0,0,0
Axel Piesold,MID,0,0,0,0,0,0,0,0,0,0,0,0,0
Dominic Dos Santos Martins,MID,0,0,0,0,0,0,0,0,0,0,0,0,0
Christian Chigozie,DEF,0,0,0,0,0,0,0,0,0,0,0,0,0
Taylan Harris,FWD,0,0,0,0,0,0,0,0,0,0,0,0,0
Manuel Akanji,DEF,112,57,8,12,0,0,0,-4,0,0,44,-2,-3
Nathan Aké,DEF,99,51,6,12,9,0,0,-3,0,0,24,0,0
Julián Álvarez,FWD,158,66,17,44,33,0,0,0,0,0,0,-2,0
Bernardo Veiga de Carvalho e Silva,MID,141,62,20,30,27,0,0,0,0,0,10,-8,0
Oscar Bobb,MID,30,16,2,5,6,0,0,0,0,0,1,0,0
João Cancelo,DEF,0,0,0,0,0,0,0,0,0,0,0,0,0
Scott Carson,GK,0,0,0,0,0,0,0,0,0,0,0,0,0
Shea Charles,MID,0,0,0,0,0,0,0,0,0,0,0,0,0
Kevin De Bruyne,MID,98,32,11,20,30,0,0,0,0,0,7,-2,0
Rúben Gato Alves Dias,DEF,88,58,3,0,0,0,-2,-7,0,0,36,0,0
Ederson Santana de Moraes,GK,112,63,5,0,0,0,0,-5,10,0,44,-5,0
Phil Foden,MID,230,68,31,95,24,0,0,0,0,0,14,-2,0
Jack Grealish,MID,50,29,6,15,3,0,0,0,0,0,3,-6,0
Erling Haaland,FWD,217,59,29,108,24,-2,0,0,0,0,0,-1,0
Mateo Kovačić,MID,59,47,2,5,0,0,0,0,0,0,9,-4,0
Aymeric Laporte,DEF,1,1,0,0,0,0,0,0,0,0,0,0,0
Rico Lewis,DEF,52,25,2,12,0,0,0,-2,0,0,16,-1,0
Riyad Mahrez,MID,0,0,0,0,0,0,0,0,0,0,0,0,0
Stefan Ortega Moreno,GK,22,15,2,0,0,0,0,-2,3,0,4,0,0
Máximo Perrone,MID,0,0,0,0,0,0,0,0,0,0,0,0,0
Rodrigo Hernandez,MID,159,67,19,40,30,0,0,0,0,0,14,-8,-3
Sergio Gómez,DEF,9,6,0,0,3,0,0,0,0,0,0,0,0
Zack Steffen,GK,0,0,0,0,0,0,0,0,0,0,0,0,0
John Stones,DEF,53,27,3,6,0,0,0,-1,0,0,20,-2,0
Kyle Walker,DEF,123,63,13,0,15,0,0,-6,0,0,40,-2,0
Matheus Luiz Nunes,MID,32,26,1,0,6,0,0,0,0,0,2,0,-3
Joško Gvardiol,DEF,123,53,12,24,6,0,0,-5,0,0,36,-3,0
Jérémy Doku,MID,98,42,13,15,30,0,0,0,0,0,1,-3,0
Mahamadou Susoho,MID,0,0,0,0,0,0,0,0,0,0,0,0,0
Micah Hamilton,MID,0,0,0,0,0,0,0,0,0,0,0,0,0
Jacob Wright,MID,0,0,0,0,0,0,0,0,0,0,0,0,0
Mason Mount,MID,23,19,0,5,0,0,0,0,0,0,1,-2,0
Alex Telles,DEF,0,0,0,0,0,0,0,0,0,0,0,0,0
Amad Diallo,MID,23,12,3,5,3,0,0,0,0,0,1,-1,0
Antony Matheus dos Santos,MID,47,41,0,5,3,0,0,0,0,0,3,-5,0
Bruno Borges Fernandes,MID,166,69,24,50,27,-2,0,0,0,0,7,-9,0
Brandon Williams,DEF,0,0,0,0,0,0,0,0,0,0,0,0,0
Eric Bailly,DEF,0,0,0,0,0,0,0,0,0,0,0,0,0
Carlos Henrique Casimiro,MID,58,46,0,5,9,0,0,0,0,0,5,-7,0
Diogo Dalot Teixeira,DEF,111,71,13,12,9,0,0,-19,0,0,32,-4,-3
Christian Eriksen,MID,48,32,4,5,6,0,0,0,0,0,2,-1,0
Álvaro Fernández Carreras,DEF,0,0,0,0,0,0,0,0,0,0,0,0,0
Frederico Rodrigues de Paula Santos,MID,0,0,0,0,0,0,0,0,0,0,0,0,0
Alejandro Garnacho,MID,131,64,7,35,21,0,0,0,0,0,8,-4,0
Hannibal Mejbri,MID,11,6,0,5,0,0,0,0,0,0,1,-1,0
Tom Heaton,GK,0,0,0,0,0,0,0,0,0,0,0,0,0
Victor Lindelöf,DEF,62,32,7,6,3,0,0,-4,0,0,20,-2,0
Harry Maguire,DEF,73,39,6,12,12,0,0,-9,0,0,16,-3,0
Kobbie Mainoo,MID,77,47,8,15,3,0,0,0,0,0,7,-3,0
Tyrell Malacia,DEF,0,0,0,0,0,0,0,0,0,0,0,0,0
Anthony Martial,FWD,25,16,2,4,3,0,0,0,0,0,0,0,0
Lisandro Martínez,DEF,15,17,0,0,3,0,-2,-4,0,0,4,-3,0
Scott McTominay,MID,98,50,5,35,3,0,0,0,0,0,7,-2,0
Facundo Pellistri Rebollo,MID,13,10,0,0,3,0,0,0,0,0,0,0,0
Raphaël Varane,DEF,44,35,2,6,0,0,0,-9,0,0,12,-2,0
Marcus Rashford,MID,108,59,0,35,9,0,0,0,0,0,7,-2,0
Jadon Sancho,MID,3,3,0,0,0,0,0,0,0,0,0,0,0
Luke Shaw,DEF,31,22,0,0,3,0,0,-4,0,0,16,-6,0
Shola Shoretire,FWD,0,0,0,0,0,0,0,0,0,0,0,0,0
Donny van de Beek,MID,1,1,0,0,0,0,0,0,0,0,0,0,0
Aaron Wan-Bissaka,DEF,47,42,5,0,6,0,0,-14,0,0,12,-4,0
André Onana,GK,133,76,10,0,0,0,0,-21,37,0,36,-5,0
Rasmus Højlund,FWD,112,54,14,40,6,0,0,0,0,0,0,-2,0
Omari Forson,MID,7,4,0,0,3,0,0,0,0,0,0,0,0
Radek Vítek,GK,0,0,0,0,0,0,0,0,0,0,0,0,0
Daniel Gore,MID,1,1,0,0,0,0,0,0,0,0,0,0,0
Altay Bayindir,GK,0,0,0,0,0,0,0,0,0,0,0,0,0
Jonny Evans,DEF,49,38,3,0,3,0,0,-9,0,0,16,-2,0
Sofyan Amrabat,MID,26,30,0,0,0,0,0,0,0,0,2,-6,0
Joe Hugill,FWD,0,0,0,0,0,0,0,0,0,0,0,0,0
Willy Kambwala,DEF,5,11,0,0,0,0,0,-5,0,0,0,-1,0
Rhys Bennett,DEF,0,0,0,0,0,0,0,0,0,0,0,0,0
Toby Collyer,MID,0,0,0,0,0,0,0,0,0,0,0,0,0
Habeeb Ogunneye,DEF,0,0,0,0,0,0,0,0,0,0,0,0,0
Dermot Mee,GK,0,0,0,0,0,0,0,0,0,0,0,0,0
Harry Amass,DEF,0,0,0,0,0,0,0,0,0,0,0,0,0
Ethan Wheatley,FWD,3,3,0,0,0,0,0,0,0,0,0,0,0
Louis Jackson,DEF,0,0,0,0,0,0,0,0,0,0,0,0,0
Lewis Hall,DEF,38,25,3,6,0,0,0,-2,0,0,8,-2,0
Miguel Almirón Rejala,MID,77,52,4,15,3,0,0,0,0,0,5,-2,0
Elliot Anderson,MID,42,31,3,0,6,0,0,0,0,0,5,-3,0
Harrison Ashby,DEF,0,0,0,0,0,0,0,0,0,0,0,0,0
Sven Botman,DEF,51,32,4,12,6,0,-2,-11,0,0,12,-2,0
Bruno Guimarães Rodriguez Moura,MID,153,74,15,35,27,0,0,0,0,0,10,-8,0
Dan Burn,DEF,97,63,4,12,6,0,0,-16,0,0,32,-4,0
Karl Darlow,GK,0,0,0,0,0,0,0,0,0,0,0,0,0
Martin Dubravka,GK,75,45,3,0,0,0,0,-15,22,5,16,-1,0
Ryan Fraser,MID,0,0,0,0,0,0,0,0,0,0,0,0,0
Mark Gillespie,GK,0,0,0,0,0,0,0,0,0,0,0,0,0
Anthony Gordon,MID,183,67,14,55,48,0,0,0,0,0,12,-10,-3
Isaac Hayden,MID,0,0,0,0,0,0,0,0,0,0,0,0,0
Jeff Hendrick,MID,0,0,0,0,0,0,0,0,0,0,0,0,0
Alexander Isak,FWD,172,56,23,84,12,-2,0,0,0,0,0,-1,0
Joelinton Cássio Apolinário de Lira,MID,45,32,3,10,3,0,0,0,0,0,3,-6,0
Emil Krafth,DEF,33,26,1,0,0,0,0,-4,0,0,12,-2,0
Garang Kuol,MID,0,0,0,0,0,0,0,0,0,0,0,0,0
Jamaal Lascelles,DEF,46,27,3,6,0,0,0,-6,0,0,20,-4,0
Jamal Lewis,DEF,0,0,0,0,0,0,0,0,0,0,0,0,0
Sean Longstaff,MID,110,65,3,30,9,0,0,0,0,0,10,-7,0
Javier Manquillo Gaitán,DEF,0,0,0,0,0,0,0,0,0,0,0,0,0
Jacob Murphy,MID,82,35,4,15,24,0,0,0,0,0,5,-1,0
Nick Pope,GK,57,30,1,0,0,0,0,-6,9,0,24,-1,0
Matt Ritchie,MID,17,13,0,5,0,0,0,0,0,0,0,-1,0
Allan Saint-Maximin,MID,0,0,0,0,0,0,0,0,0,0,0,0,0
Fabian Schär,DEF,123,69,12,24,9,0,0,-22,0,0,36,-5,0
Matt Targett,DEF,2,4,0,0,0,0,0,-1,0,0,0,-1,0
Sandro Tonali,MID,16,12,0,5,0,0,0,0,0,0,1,-2,0
Kieran Trippier,DEF,111,53,20,6,30,0,0,-17,0,0,24,-5,0
Kell Watts,DEF,0,0,0,0,0,0,0,0,0,0,0,0,0
Joe Willock,MID,18,12,0,5,0,0,0,0,0,0,1,0,0
Callum Wilson,FWD,69,29,4,36,3,0,0,0,0,0,0,-3,0
Loris Karius,GK,1,2,0,0,0,0,0,-2,1,0,0,0,0
Paul Dummett,DEF,5,5,0,0,0,0,0,0,0,0,0,0,0
Harvey Barnes,MID,64,27,3,25,9,0,0,0,0,0,2,-2,0
Tino Livramento,DEF,45,37,4,6,0,0,0,-9,0,0,8,-1,0
Alex Murphy,DEF,2,2,0,0,0,0,0,0,0,0,0,0,0
Lewis Miley,MID,44,29,1,5,9,0,0,0,0,0,1,-1,0
Amadou Diallo,MID,1,1,0,0,0,0,0,0,0,0,0,0,0
Ben Parkinson,FWD,1,1,0,0,0,0,0,0,0,0,0,0,0
Michael Ndiweni,FWD,1,1,0,0,0,0,0,0,0,0,0,0,0
Joe White,MID,3,4,0,0,0,0,0,0,0,0,0,-1,0
Travis Hernes,MID,0,0,0,0,0,0,0,0,0,0,0,0,0
Nuno Varela Tavares,DEF,11,12,0,0,0,0,0,-3,0,0,4,-2,0
Matt Turner,GK,41,34,0,0,0,0,0,-9,10,0,8,-2,0
Callum Hudson-Odoi,MID,109,47,14,40,6,0,0,0,0,0,2,0,0
Anthony Elanga,MID,119,61,5,25,27,0,0,0,0,0,2,-1,0
Brandon Aguilera Zamora,MID,1,1,0,0,0,0,0,0,0,0,0,0,0
Harry Arter,MID,0,0,0,0,0,0,0,0,0,0,0,0,0
Serge Aurier,DEF,27,20,3,0,6,0,0,-4,0,0,4,-2,0
Taiwo Awoniyi,FWD,67,31,5,24,9,0,0,0,0,0,0,-2,0
Giulian Biancone,DEF,0,0,0,0,0,0,0,0,0,0,0,0,0
Willy Boly,DEF,58,36,7,12,3,0,0,-8,0,0,12,-1,-3
Josh Bowler,MID,0,0,0,0,0,0,0,0,0,0,0,0,0
Steve Cook,DEF,0,0,0,0,0,0,0,0,0,0,0,0,0
Danilo dos Santos de Oliveira,MID,65,48,4,10,6,0,0,0,0,0,1,-4,0
Emmanuel Dennis,FWD,0,0,0,0,0,0,0,0,0,0,0,0,0
Mohamed Dräger,DEF,0,0,0,0,0,0,0,0,0,0,0,0,0
Felipe Augusto de Almeida Monteiro,DEF,7,10,0,0,0,0,0,-3,0,0,4,-4,0
Remo Freuler,MID,0,0,0,0,0,0,0,0,0,0,0,0,0
Morgan Gibbs-White,MID,142,72,13,25,36,0,0,0,0,0,5,-9,0
Wayne Hennessey,GK,0,0,0,0,0,0,0,0,0,0,0,0,0
Ethan Horvath,GK,0,0,0,0,0,0,0,0,0,0,0,0,0
Cheikhou Kouyaté,MID,12,14,0,0,0,0,0,0,0,0,0,-2,0
Richie Laryea,DEF,0,0,0,0,0,0,0,0,0,0,0,0,0
Orel Mangala,MID,40,38,0,5,0,0,0,0,0,0,3,-6,0
Loïc Mbe Soh,DEF,0,0,0,0,0,0,0,0,0,0,0,0,0
Scott McKenna,DEF,12,9,1,0,0,0,0,-2,0,0,4,0,0
Alex Mighten,MID,0,0,0,0,0,0,0,0,0,0,0,0,0
Moussa Niakhaté,DEF,29,36,1,6,0,0,0,-12,0,0,4,-3,-3
Lewis O'Brien,MID,0,0,0,0,0,0,0,0,0,0,0,0,0
Braian Ojeda Rodríguez,MID,0,0,0,0,0,0,0,0,0,0,0,0,0
Jonathan Panzo,DEF,0,0,0,0,0,0,0,0,0,0,0,0,0
Omar Richards,DEF,0,0,0,0,0,0,0,0,0,0,0,0,0
Gustavo Henrique Furtado Scarpa,MID,0,0,0,0,0,0,0,0,0,0,0,0,0
Jonjo Shelvey,MID,0,0,0,0,0,0,0,0,0,0,0,0,0
Sam Surridge,FWD,0,0,0,0,0,0,0,0,0,0,0,0,0
Harry Toffolo,DEF,52,38,3,6,9,0,0,-9,0,0,8,-3,0
Hwang Ui-jo,FWD,0,0,0,0,0,0,0,0,0,0,0,0,0
Neco Williams,DEF,39,43,2,0,3,0,0,-9,0,0,4,-4,0
Chris Wood,FWD,131,50,22,56,3,0,0,0,0,0,0,0,0
Joe Worrall,DEF,13,12,3,0,0,0,0,-3,0,0,4,0,-3
Ryan Yates,MID,59,55,1,5,3,0,0,0,0,0,1,-6,0
Olu Aina,DEF,45,42,2,6,3,0,0,-13,0,0,8,-3,0
George Shelvey,GK,0,0,0,0,0,0,0,0,0,0,0,0,0
Josh Powell,DEF,0,0,0,0,0,0,0,0,0,0,0,0,0
Gonzalo Montiel,DEF,28,21,4,0,6,0,0,-2,0,0,4,-5,0
Murillo Santiago Costa dos Santos,DEF,58,63,1,0,6,0,-2,-17,0,0,12,-5,0
Odysseas Vlachodimos,GK,12,10,0,0,0,0,0,-4,2,0,4,0,0
Andrew Omobamidele,DEF,11,19,0,0,0,0,-2,-4,0,0,0,-2,0
Nicolás Domínguez,MID,67,43,6,10,6,0,0,0,0,0,6,-4,0
Ibrahim Sangaré,MID,25,27,0,0,0,0,0,0,0,0,4,-6,0
Divock Origi,FWD,25,23,0,0,3,0,0,0,0,0,0,-1,0
Jamie McDonnell,MID,0,0,0,0,0,0,0,0,0,0,0,0,0
Detlef Esapa Osong,FWD,0,0,0,0,0,0,0,0,0,0,0,0,0
Joe Gardner,FWD,0,0,0,0,0,0,0,0,0,0,0,0,0
Giovanni Reyna,MID,13,10,0,0,3,0,0,0,0,0,0,0,0
Matz Sels,GK,34,32,1,0,0,0,0,-8,6,0,4,-1,0
Rodrigo Duarte Ribeiro,FWD,4,4,0,0,0,0,0,0,0,0,0,0,0
Auston Trusty,DEF,28,60,0,0,0,0,0,-32,0,0,4,-4,0
Cameron Archer,FWD,82,50,9,16,9,0,0,0,0,0,0,-2,0
Mason Holgate,DEF,1,18,0,0,0,0,0,-11,0,0,0,-3,-3
James McAtee,MID,77,50,0,15,12,0,0,0,0,0,2,-2,0
Anel Ahmedhodžić,DEF,31,60,4,12,0,0,0,-37,0,0,4,-9,-3
Jordan Amissah,GK,0,0,0,0,0,0,0,0,0,0,0,0,0
George Baldock,DEF,21,23,2,0,6,0,0,-6,0,0,0,-4,0
Chris Basham,DEF,8,10,0,0,0,0,0,-1,0,0,0,-1,0
Jayden Bogle,DEF,63,65,0,18,9,0,-2,-30,0,0,12,-9,0
Rhian Brewster,FWD,11,14,0,0,0,0,0,0,0,0,0,0,-3
Ismaila Coulibaly,MID,0,0,0,0,0,0,0,0,0,0,0,0,0
Adam Davies,GK,0,0,0,0,0,0,0,0,0,0,0,0,0
John Egan,DEF,1,11,0,0,0,0,0,-8,0,0,0,-2,0
John Fleck,MID,3,4,0,0,0,0,0,0,0,0,0,-1,0
Wes Foderingham,GK,70,59,7,0,0,0,-2,-31,35,0,4,-2,0
Daniel Jebbison,FWD,1,1,0,0,0,0,0,0,0,0,0,0,0
Max Lowe,DEF,13,14,0,0,3,0,0,-3,0,0,0,-1,0
Oliver McBurnie,FWD,66,33,9,24,9,0,0,0,0,0,0,-3,-6
Iliman Ndiaye,FWD,0,0,0,0,0,0,0,0,0,0,0,0,0
Rhys Norrington-Davies,DEF,2,5,0,0,0,0,0,-2,0,0,0,-1,0
Oliver Norwood,MID,42,42,3,5,0,0,0,0,0,0,0,-8,0
Ben Osborn,MID,38,37,0,0,6,0,-2,0,0,0,0,-3,0
William Osula,FWD,25,26,0,0,3,0,0,0,0,0,0,-4,0
Jack Robinson,DEF,33,65,1,6,3,0,-4,-32,0,0,4,-10,0
Anis Slimane,MID,14,17,0,0,0,0,-2,0,0,0,1,-2,0
Yasser Larouci,DEF,10,15,0,0,0,0,0,-4,0,0,0,-1,0
Bénie Traoré,FWD,11,11,0,0,0,0,0,0,0,0,0,0,0
Vini de Souza Costa,MID,73,63,4,5,3,0,0,0,0,0,1,-3,0
Femi Seriki,DEF,0,0,0,0,0,0,0,0,0,0,0,0,0
Louie Marsh,FWD,0,0,0,0,0,0,0,0,0,0,0,0,0
Andre Brooks,MID,26,26,0,0,0,0,0,0,0,0,1,-1,0
Antwoine Hackford,FWD,2,2,0,0,0,0,0,0,0,0,0,0,0
Gustavo Hamer,MID,108,69,5,20,21,0,0,0,0,0,2,-9,0
Tom Davies,MID,7,9,0,0,0,0,0,0,0,0,0,-2,0
Luke Thomas,DEF,7,22,0,0,0,0,0,-12,0,0,0,-3,0
Ryan Oné,MID,1,1,0,0,0,0,0,0,0,0,0,0,0
Jili Buyabu,DEF,0,0,0,0,0,0,0,0,0,0,0,0,0
Sydie Peck,MID,1,1,0,0,0,0,0,0,0,0,0,0,0
Ben Brereton,MID,62,27,5,30,3,0,0,0,0,0,0,-3,0
Ivo Grbic,GK,15,17,0,0,0,0,0,-11,10,0,0,-1,0
Billy Blacker,FWD,0,0,0,0,0,0,0,0,0,0,0,0,0
Oliver Arblaster,MID,19,23,0,0,0,0,-2,0,0,0,0,-2,0
Dovydas Sasnauskas,DEF,0,0,0,0,0,0,0,0,0,0,0,0,0
Sam Curtis,DEF,1,1,0,0,0,0,0,0,0,0,0,0,0
Owen Hampson,MID,0,0,0,0,0,0,0,0,0,0,0,0,0
Brennan Johnson,MID,131,59,9,25,36,0,0,0,0,0,5,-3,0
Brandon Austin,GK,0,0,0,0,0,0,0,0,0,0,0,0,0
Rodrigo Bentancur,MID,32,30,0,5,3,0,0,0,0,0,1,-7,0
Yves Bissouma,MID,44,51,0,0,0,0,0,0,0,0,7,-8,-6
Bryan Gil Salvatierra,MID,12,12,0,0,0,0,0,0,0,0,0,0,0
Ben Davies,DEF,34,28,0,6,6,0,0,-8,0,0,4,-2,0
Eric Dier,DEF,2,5,0,0,0,0,0,-3,0,0,0,0,0
Emerson Leite de Souza Junior,DEF,27,33,4,6,0,0,0,-12,0,0,0,-4,0
Fraser Forster,GK,0,0,0,0,0,0,0,0,0,0,0,0,0
Pierre-Emile Højbjerg,MID,39,44,0,0,0,0,-2,0,0,0,1,-4,0
Harry Kane,FWD,0,0,0,0,0,0,0,0,0,0,0,0,0
Dejan Kulusevski,MID,130,66,14,40,9,0,0,0,0,0,8,-7,0
Hugo Lloris,GK,0,0,0,0,0,0,0,0,0,0,0,0,0
Giovani Lo Celso,MID,47,26,6,10,6,0,0,0,0,0,1,-2,0
James Maddison,MID,117,53,9,20,33,0,0,0,0,0,7,-5,0
Tanguy Ndombélé Alvaro,MID,0,0,0,0,0,0,0,0,0,0,0,0,0
Pedro Porro,DEF,136,69,20,18,24,0,0,-20,0,0,28,-3,0
Ivan Perišić,DEF,6,5,0,0,3,0,0,0,0,0,0,-2,0
Richarlison de Andrade,MID,122,44,7,55,12,0,0,0,0,0,7,-3,0
Joe Rodon,DEF,0,0,0,0,0,0,0,0,0,0,0,0,0
Cristian Romero,DEF,107,63,15,30,0,0,-2,-17,0,0,28,-7,-3
Davinson Sánchez,DEF,0,2,0,0,0,0,0,-1,0,0,0,-1,0
Pape Matar Sarr,MID,86,58,4,15,9,0,0,0,0,0,9,-9,0
Ryan Sessegnon,DEF,0,0,0,0,0,0,0,0,0,0,0,0,0
Oliver Skipp,MID,22,25,0,0,0,0,0,0,0,0,0,-3,0
Son Heung-min,MID,213,68,25,85,30,0,-2,0,0,0,8,-1,0
Djed Spence,DEF,0,0,0,0,0,0,0,0,0,0,0,0,0
Japhet Tanganga,DEF,0,0,0,0,0,0,0,0,0,0,0,0,0
Destiny Udogie,DEF,79,54,8,12,9,0,0,-16,0,0,20,-5,-3
Guglielmo Vicario,GK,112,76,9,0,0,0,0,-23,24,0,28,-2,0
Alfie Whiteman,GK,0,0,0,0,0,0,0,0,0,0,0,0,0
Manor Solomon,MID,14,7,2,0,6,0,0,0,0,0,0,-1,0
Micky van de Ven,DEF,81,52,10,18,0,0,0,-14,0,0,20,-5,0
Dane Scarlett,FWD,4,4,0,0,0,0,0,0,0,0,0,0,0
Alejo Véliz,FWD,11,8,0,4,0,0,0,0,0,0,0,-1,0
Ashley Phillips,DEF,0,0,0,0,0,0,0,0,0,0,0,0,0
Jamie Donley,FWD,2,3,0,0,0,0,0,0,0,0,0,-1,0
Alfie Dorrington,DEF,0,0,0,0,0,0,0,0,0,0,0,0,0
Yago de Santiago Alonso,MID,0,0,0,0,0,0,0,0,0,0,0,0,0
Timo Werner,FWD,46,22,5,8,12,0,0,0,0,0,0,-1,0
Radu Dragusin,DEF,14,13,0,0,0,0,0,-2,0,0,4,-1,0
Mikey Moore,MID,2,2,0,0,0,0,0,0,0,0,0,0,0
Tyrese Hall,MID,0,0,0,0,0,0,0,0,0,0,0,0,0
Kalvin Phillips,MID,10,14,0,0,0,0,0,0,0,0,0,-1,-3
Nayef Aguerd,DEF,36,42,0,6,0,0,0,-16,0,0,8,-1,-3
Michail Antonio,FWD,78,46,8,24,6,0,0,0,0,0,0,-6,0
Alphonse Areola,GK,116,60,11,0,0,0,-2,-17,39,10,16,-1,0
Saïd Benrahma,MID,20,18,0,0,3,-2,0,0,0,0,2,-1,0
Jarrod Bowen,MID,182,67,14,80,18,0,0,0,0,0,5,-2,0
Maxwel Cornet,MID,13,8,0,5,0,0,0,0,0,0,0,0,0
Vladimír Coufal,DEF,85,71,9,0,21,0,0,-24,0,0,16,-5,-3
Conor Coventry,MID,0,0,0,0,0,0,0,0,0,0,0,0,0
Aaron Cresswell,DEF,10,14,0,0,0,0,0,-3,0,0,0,-1,0
Flynn Downes,MID,0,0,0,0,0,0,0,0,0,0,0,0,0
Emerson Palmieri dos Santos,DEF,82,71,8,6,12,0,-2,-23,0,0,20,-10,0
Lukasz Fabianski,GK,24,17,1,0,0,0,0,-7,9,0,4,0,0
Pablo Fornals Malla,MID,19,18,0,0,0,0,0,0,0,0,1,0,0
Danny Ings,FWD,36,23,4,4,6,0,0,0,0,0,0,-1,0
Ben Johnson,DEF,17,18,0,0,0,0,0,-4,0,0,4,-1,0
Thilo Kehrer,DEF,2,4,0,0,0,0,0,0,0,0,0,-2,0
Divin Mubama,FWD,5,5,0,0,0,0,0,0,0,0,0,0,0
Lucas Tolentino Coelho de Lima,MID,100,61,7,20,18,0,0,0,0,0,4,-10,0
Gianluca Scamacca,FWD,0,0,0,0,0,0,0,0,0,0,0,0,0
Tomáš Souček,MID,116,68,9,35,6,0,0,0,0,0,5,-7,0
Nikola Vlašić,MID,0,0,0,0,0,0,0,0,0,0,0,0,0
Kurt Zouma,DEF,76,64,6,18,0,0,0,-21,0,0,12,-3,0
Angelo Ogbonna,DEF,19,17,0,0,0,0,0,-5,0,0,8,-1,0
Edson Álvarez Velázquez,MID,62,57,3,5,3,0,0,0,0,0,5,-11,0
Joseph Anang,GK,0,0,0,0,0,0,0,0,0,0,0,0,0
James Ward-Prowse,MID,146,70,19,35,21,0,0,0,0,0,5,-4,0
Konstantinos Mavropanos,DEF,40,34,3,6,0,0,-4,-9,0,0,12,-2,0
Mohammed Kudus,MID,137,60,13,40,27,0,0,0,0,0,3,-6,0
Lewis Orford,MID,0,0,0,0,0,0,0,0,0,0,0,0,0
Kaelan Casey,DEF,1,1,0,0,0,0,0,0,0,0,0,0,0
Oliver Scarles,DEF,0,0,0,0,0,0,0,0,0,0,0,0,0
Callum Marshall,FWD,0,0,0,0,0,0,0,0,0,0,0,0,0
George Earthy,MID,8,3,0,5,0,0,0,0,0,0,0,0,0
Tommy Doyle,MID,38,37,0,0,0,0,0,0,0,0,3,-2,0
Rayan Aït-Nouri,DEF,77,58,6,12,9,0,0,-13,0,0,12,-7,0
Daniel Bentley,GK,18,9,1,0,0,0,0,-2,2,0,8,0,0
Bendegúz Bolla,DEF,0,0,0,0,0,0,0,0,0,0,0,0,0
Hugo Bueno López,DEF,29,29,0,0,0,0,-2,-5,0,0,8,-1,0
Francisco Jorge Tomás Oliveira,MID,0,0,0,0,0,0,0,0,0,0,0,0,0
Luke Cundle,MID,0,0,0,0,0,0,0,0,0,0,0,0,0
Craig Dawson,DEF,69,50,6,6,3,0,0,-13,0,0,24,-7,0
Fábio Silva,FWD,8,10,0,0,0,0,0,0,0,0,0,-2,0
Gonçalo Manuel Ganchinho Guedes,MID,0,0,0,0,0,0,0,0,0,0,0,0,0
Joe Hodge,MID,0,0,0,0,0,0,0,0,0,0,0,0,0
Ki-Jana Hoever,DEF,0,0,0,0,0,0,0,0,0,0,0,0,0
Hwang Hee-chan,MID,125,49,10,60,9,0,0,0,0,0,3,-6,0
João Victor Gomes da Silva,MID,75,63,3,10,6,0,0,0,0,0,4,-11,0
Jonathan Castro Otto,DEF,1,1,0,0,0,0,0,0,0,0,0,0,0
Bruno Cavaco Jordão,MID,0,0,0,0,0,0,0,0,0,0,0,0,0
Sasa Kalajdzic,FWD,24,12,4,8,0,0,0,0,0,0,0,0,0
Max Kilman,DEF,82,76,3,12,0,0,0,-22,0,0,20,-7,0
Tom King,GK,0,0,0,0,0,0,0,0,0,0,0,0,0
Mario Lemina,MID,95,68,13,20,3,0,0,0,0,0,4,-10,-3
Pedro Lomba Neto,MID,86,36,8,10,33,0,0,0,0,0,3,-4,0
Daniel Castelo Podence,MID,0,0,0,0,0,0,0,0,0,0,0,0,0
José Malheiro de Sá,GK,107,68,8,0,3,0,0,-20,33,0,16,-1,0
Pablo Sarabia,MID,99,49,8,20,21,0,0,0,0,0,6,-5,0
Matija Šarkić,GK,0,0,0,0,0,0,0,0,0,0,0,0,0
Nélson Cabral Semedo,DEF,63,71,0,0,6,0,0,-21,0,0,20,-10,-3
Toti António Gomes,DEF,82,64,6,6,12,0,0,-15,0,0,16,-7,0
Boubacar Traoré,MID,25,29,0,0,0,0,0,0,0,0,0,-4,0
Matheus Santos Carneiro Da Cunha,FWD,135,60,15,48,21,0,0,0,0,0,0,-9,0
Matt Doherty,DEF,41,38,1,6,0,0,0,-6,0,0,4,-2,0
Santiago Bueno,DEF,13,20,0,0,0,0,0,-6,0,0,0,-1,0
Enso González,MID,1,1,0,0,0,0,0,0,0,0,0,0,0
Nathan Fraser,FWD,7,8,0,0,0,0,0,0,0,0,0,-1,0
Jean-Ricner Bellegarde,MID,45,31,1,10,6,0,0,0,0,0,0,0,-3
Matthew Whittingham,MID,0,0,0,0,0,0,0,0,0,0,0,0,0
Tawanda Chirewa,MID,8,9,0,0,0,0,0,0,0,0,0,-1,0
Justin Hubner,DEF,0,0,0,0,0,0,0,0,0,0,0,0,0
Owen Hesketh,MID,0,0,0,0,0,0,0,0,0,0,0,0,0
Ty Barnett,MID,0,0,0,0,0,0,0,0,0,0,0,0,0
Harvey Griffiths,MID,0,0,0,0,0,0,0,0,0,0,0,0,0
Yerson Mosquera,DEF,0,0,0,0,0,0,0,0,0,0,0,0,0
Noha Lemina,MID,0,0,0,0,0,0,0,0,0,0,0,0,0
Wesley Okoduwa,DEF,0,0,0,0,0,0,0,0,0,0,0,0,0
Leon Chiwome,FWD,5,5,0,0,0,0,0,0,0,0,0,0,0
Fletcher Holman,FWD,0,0,0,0,0,0,0,0,0,0,0,0,0
Temple Ojinnaka,MID,0,0,0,0,0,0,0,0,0,0,0,0,0
